{"cameraMode":{"drawMode":0,"name":"Shaded","section":"Shading Mode"},"sceneLighting":true,"audioPlay":false,"sceneViewState":{"m_AlwaysRefresh":false,"showFog":true,"showSkybox":true,"showFlares":true,"showImageEffects":true,"showParticleSystems":true,"showVisualEffectGraphs":true,"m_FxEnabled":true},"in2DMode":false,"pivot":{"x":97.9219970703125,"y":-3.6035687923431398,"z":103.90792083740235},"rotation":{"x":0.1737675815820694,"y":0.2660314440727234,"z":-0.0027362818364053966,"w":0.9483804702758789},"size":14.699854850769043,"orthographic":false}