{"cameraMode":{"drawMode":0,"name":"Shaded","section":"Shading Mode"},"sceneLighting":true,"audioPlay":false,"sceneViewState":{"m_AlwaysRefresh":false,"showFog":true,"showSkybox":true,"showFlares":true,"showImageEffects":true,"showParticleSystems":true,"showVisualEffectGraphs":true,"m_FxEnabled":true},"in2DMode":false,"pivot":{"x":74.24649047851563,"y":3.2196366786956789,"z":74.29045867919922},"rotation":{"x":0.23361290991306306,"y":0.06743571162223816,"z":0.028757717460393907,"w":0.9697677493095398},"size":12.326730728149414,"orthographic":false}