{"cameraMode":{"drawMode":0,"name":"Shaded","section":"Shading Mode"},"sceneLighting":true,"audioPlay":false,"sceneViewState":{"m_AlwaysRefresh":false,"showFog":true,"showSkybox":true,"showFlares":true,"showImageEffects":true,"showParticleSystems":true,"showVisualEffectGraphs":true,"m_FxEnabled":true},"in2DMode":false,"pivot":{"x":85.36060333251953,"y":2.2301955223083498,"z":88.5457534790039},"rotation":{"x":-0.0014571843203157187,"y":-0.7376332879066467,"z":-0.0015145324869081379,"w":0.6752708554267883},"size":1.7940149307250977,"orthographic":false}