{"cameraMode":{"drawMode":0,"name":"Shaded","section":"Shading Mode"},"sceneLighting":true,"audioPlay":false,"sceneViewState":{"m_AlwaysRefresh":false,"showFog":true,"showSkybox":true,"showFlares":true,"showImageEffects":true,"showParticleSystems":true,"showVisualEffectGraphs":true,"m_FxEnabled":true},"in2DMode":false,"pivot":{"x":32.281227111816409,"y":-23.2600154876709,"z":111.28756713867188},"rotation":{"x":0.35193926095962527,"y":-0.31790444254875185,"z":0.12885946035385133,"w":0.8709028363227844},"size":32.763145446777347,"orthographic":false}