{"cameraMode":{"drawMode":0,"name":"Shaded","section":"Shading Mode"},"sceneLighting":true,"audioPlay":false,"sceneViewState":{"m_AlwaysRefresh":false,"showFog":true,"showSkybox":true,"showFlares":true,"showImageEffects":true,"showParticleSystems":true,"showVisualEffectGraphs":true,"m_FxEnabled":true},"in2DMode":false,"pivot":{"x":38.551109313964847,"y":-1.6503671407699586,"z":110.58737182617188},"rotation":{"x":0.3968266546726227,"y":-0.27478712797164919,"z":0.17798268795013429,"w":0.8577805757522583},"size":6.657969951629639,"orthographic":false}